<layer>
  <name>odl_4326</name>
  <id>LayerInfoImpl-33e4aab7:15236747c6a:-7ff9</id>
  <type>VECTOR</type>
  <defaultStyle>
    <id>StyleInfoImpl--570ae188:124761b8d78:-7fdf</id>
  </defaultStyle>
  <styles class="linked-hash-set">
    <style>
      <id>StyleInfoImpl--d59d0c3:15265131273:-7a81</id>
    </style>
    <style>
      <id>StyleInfoImpl--570ae188:124761b8d78:-7fdf</id>
    </style>
    <style>
      <id>StyleInfoImpl-5427b6d7:1523703055b:-7ff4</id>
    </style>
  </styles>
  <resource class="featureType">
    <id>FeatureTypeInfoImpl-33e4aab7:15236747c6a:-7ffa</id>
  </resource>
  <attribution>
    <logoWidth>0</logoWidth>
    <logoHeight>0</logoHeight>
  </attribution>
</layer>