<layer>
  <name>deu_adm2_counties_statistics</name>
  <id>LayerInfoImpl-33e4aab7:15236747c6a:-7ffc</id>
  <type>VECTOR</type>
  <defaultStyle>
    <id>StyleInfoImpl--570ae188:124761b8d78:-7fe0</id>
  </defaultStyle>
  <styles class="linked-hash-set">
    <style>
      <id>StyleInfoImpl--570ae188:124761b8d78:-7fe0</id>
    </style>
  </styles>
  <resource class="featureType">
    <id>FeatureTypeInfoImpl-33e4aab7:15236747c6a:-7ffd</id>
  </resource>
  <attribution>
    <logoWidth>0</logoWidth>
    <logoHeight>0</logoHeight>
  </attribution>
</layer>